ticketID,createdBy,createdAt,message
99,Jeramy22,Mon Jun 15 2020 10:35:03 GMT-0700 (Pacific Daylight Time),Provident in adipisci et ipsa et rerum voluptatem. Quia eos harum earum. Deleniti magnam enim reprehenderit. Enim voluptas reprehenderit deserunt aut quos.
16,Jeramy22,Thu Nov 12 2020 03:10:55 GMT-0800 (Pacific Standard Time),Natus ipsam vel culpa aut ex dolorem aut saepe veritatis. Corporis eaque quasi dolores id aut corrupti atque. Quae unde aut velit asperiores.
89,Jeramy22,Thu Oct 15 2020 22:54:20 GMT-0700 (Pacific Daylight Time),Qui corrupti sed officiis. Sunt odio sed in at doloremque qui asperiores voluptates quae. Numquam numquam voluptatem aut numquam dolores nisi. Voluptatem omnis dolorem velit nulla consequatur. Doloribus sed aut quas itaque repellat ut et consequatur reprehenderit. Facilis cupiditate quam facilis doloremque qui minus delectus.
81,Jeramy22,Tue Oct 13 2020 07:17:13 GMT-0700 (Pacific Daylight Time),Sit reiciendis officia quia est fugit. Quia ratione aut autem velit asperiores qui illum. Debitis recusandae ea voluptas.
42,Jeramy22,Tue Apr 28 2020 02:30:21 GMT-0700 (Pacific Daylight Time),Soluta consequatur aut quas. Facilis et magnam nihil reprehenderit temporibus. Et quam est repellat esse esse nobis asperiores voluptas. Qui repellat perspiciatis nostrum assumenda. Aspernatur fugit dolorem.
45,Jeramy22,Mon Apr 13 2020 11:41:58 GMT-0700 (Pacific Daylight Time),Sunt aspernatur doloribus asperiores nam. Ex voluptate velit recusandae error ex enim deserunt. Odit reiciendis officiis quo. Quo quos et quaerat qui rem. Odit sit libero quod voluptatem cupiditate autem numquam.
39,Jeramy22,Tue Jun 02 2020 02:18:59 GMT-0700 (Pacific Daylight Time),Quis ducimus odit assumenda sit qui. Ipsa assumenda non est sed qui iusto. Repellat ut corporis libero doloribus distinctio reiciendis sed molestiae. Quasi aut est cumque dolores explicabo sed.
26,Jeramy22,Mon Feb 10 2020 08:41:14 GMT-0800 (Pacific Standard Time),Nobis omnis labore nisi. Velit pariatur eum totam quia. Et et libero ab distinctio at corporis amet. Consequatur quia cupiditate consequatur ipsum aut voluptatibus adipisci eos. Quia et odit beatae necessitatibus nobis. Nemo explicabo recusandae eos tenetur.
69,Jeramy22,Mon Aug 24 2020 12:26:09 GMT-0700 (Pacific Daylight Time),Explicabo fugiat doloribus. Quia facere ducimus suscipit aliquid dolores quasi. Sit ea et alias repudiandae. Sit explicabo quisquam et aut voluptas optio aut.
71,Jeramy22,Tue Sep 08 2020 13:38:19 GMT-0700 (Pacific Daylight Time),Ut ut aut dolores quia dolorem excepturi optio voluptatum voluptatem. Nesciunt quo quibusdam vitae. Veritatis laudantium dolorem.
86,Jeramy22,Mon Jan 04 2021 01:05:58 GMT-0800 (Pacific Standard Time),Molestiae vero hic quae eos et qui est ut. Qui non voluptas aut hic amet nihil reprehenderit suscipit. Cupiditate qui ea rerum aperiam et consectetur expedita quisquam et. Explicabo molestias est.
3,Jeramy22,Thu Dec 17 2020 10:49:12 GMT-0800 (Pacific Standard Time),Est voluptate officiis sapiente accusamus non enim. Velit adipisci amet sit. Ea a iste provident rerum facere consectetur. Facilis doloremque est minus id enim ipsum sit inventore.
88,Jeramy22,Tue Feb 18 2020 11:28:37 GMT-0800 (Pacific Standard Time),Ad beatae eum velit quibusdam temporibus id voluptatum porro quaerat. Aliquam nam ipsam. Qui aperiam dignissimos praesentium.
55,Jeramy22,Mon Dec 21 2020 17:44:18 GMT-0800 (Pacific Standard Time),Mollitia delectus ipsa enim quo recusandae. Ipsa nostrum reprehenderit tenetur occaecati eligendi. Reiciendis dignissimos quisquam accusamus minus ea rem exercitationem vel ut. Eum praesentium et veritatis sit recusandae magni.
77,Jeramy22,Thu Jul 30 2020 18:58:00 GMT-0700 (Pacific Daylight Time),Quo sit sed iure. Recusandae deleniti soluta alias deserunt rem. Voluptates ut eligendi id tenetur.
66,Jeramy22,Thu Apr 16 2020 06:10:15 GMT-0700 (Pacific Daylight Time),Commodi eum nihil dolores voluptatum necessitatibus expedita neque sint. Sit perferendis molestiae. Pariatur ipsam autem odit. Laborum nesciunt suscipit tempora nulla quis ipsa eum aperiam laboriosam. Totam ut debitis accusantium voluptatibus.
13,Jeramy22,Sat Oct 03 2020 23:07:24 GMT-0700 (Pacific Daylight Time),Perspiciatis quam id aut exercitationem quia. Similique aliquam dolorem voluptatem autem eaque voluptas adipisci. Quia occaecati ut exercitationem quasi non. Ipsam aspernatur aperiam sapiente eum ipsum nostrum nisi libero.
75,Jeramy22,Thu Jun 25 2020 10:16:45 GMT-0700 (Pacific Daylight Time),Animi quo dignissimos architecto voluptatibus molestiae dolore labore. Sed iste reprehenderit vitae quae fuga et. Dolorem a inventore deserunt enim itaque itaque quia sunt.
70,Jeramy22,Mon Oct 19 2020 18:15:54 GMT-0700 (Pacific Daylight Time),Reprehenderit amet est qui aut est. Ducimus magni neque non eligendi. Maiores dolores nihil reiciendis nisi culpa soluta libero molestiae quos. Consequuntur asperiores sit rerum accusantium esse. Necessitatibus quia nostrum fugiat repudiandae similique. Similique blanditiis voluptatibus atque sunt a eius iure id.
28,Jeramy22,Thu May 07 2020 07:15:44 GMT-0700 (Pacific Daylight Time),Voluptate aliquam qui veniam reiciendis id harum. Ea aperiam ex et est culpa iure commodi quam iusto. At rerum similique est aut. Quaerat voluptatem vitae veritatis. Reprehenderit dignissimos quidem.
93,Jeramy22,Fri Feb 14 2020 06:15:31 GMT-0800 (Pacific Standard Time),Rem nihil totam et libero optio. Odit eaque qui maxime molestiae ut et. Voluptatem rerum laboriosam magnam asperiores maiores illo.
11,Jeramy22,Tue Sep 22 2020 19:44:52 GMT-0700 (Pacific Daylight Time),Veniam molestias qui modi voluptatum sequi ab quia. Cumque voluptatum expedita tempore eum ad. Incidunt provident consequatur et beatae corporis quo. Nemo rerum ratione dolores. Expedita aut voluptatum aut.
95,Jeramy22,Wed Sep 30 2020 08:37:43 GMT-0700 (Pacific Daylight Time),Vel sint aut excepturi amet ut adipisci quam debitis. Architecto sint et minus quia. Deleniti excepturi voluptatem a eos iusto qui sed. Vero itaque consectetur dolor pariatur officia itaque. Voluptates et excepturi. Itaque facilis itaque voluptatum qui.
96,Jeramy22,Sun Jun 07 2020 09:47:54 GMT-0700 (Pacific Daylight Time),Aut iste nihil eligendi blanditiis consectetur ratione. Dolor sed quidem voluptate ipsum. Consequuntur iusto nulla quis eveniet.
73,Jeramy22,Sun May 10 2020 21:09:57 GMT-0700 (Pacific Daylight Time),Aut ipsa reprehenderit explicabo dolores omnis quaerat aliquam deserunt. Culpa dolor non a corporis laborum aut reprehenderit ut. Illo consequatur doloremque eius placeat non illo dolorem et. Accusamus corporis unde et et placeat natus. In ea nobis.
93,Jeramy22,Sun Jul 05 2020 03:34:18 GMT-0700 (Pacific Daylight Time),Optio unde cumque dolor et quae quo. Ea nesciunt rerum saepe in. Quae praesentium amet quaerat eos.
69,Jeramy22,Sun Jun 21 2020 04:12:40 GMT-0700 (Pacific Daylight Time),Natus exercitationem nemo. Voluptatem facere veritatis. Assumenda quod non. Quaerat ut repellendus unde reiciendis illo. Expedita hic voluptates odit.
94,Jeramy22,Wed Mar 25 2020 05:15:51 GMT-0700 (Pacific Daylight Time),Corrupti fuga voluptas velit et amet veritatis et adipisci. Quam officiis nihil numquam consequatur ullam at voluptate sed. Qui tenetur ut id aut dignissimos. Similique quas quia cumque veritatis at nulla.
49,Jeramy22,Fri Nov 27 2020 02:57:10 GMT-0800 (Pacific Standard Time),Nesciunt eaque doloribus hic in. Quos illo et magnam. Sint repudiandae placeat.
92,Jeramy22,Fri Apr 24 2020 22:55:16 GMT-0700 (Pacific Daylight Time),Qui et ex voluptatem earum. Quaerat odit voluptas. Consequatur ut voluptatem voluptate aut nulla rerum alias similique. Voluptates non amet consequatur accusantium.
95,Jeramy22,Mon Nov 16 2020 18:58:19 GMT-0800 (Pacific Standard Time),Ut nemo molestiae sit placeat ducimus in officia consequuntur iure. Debitis dicta non nisi deserunt accusantium ut quod. Atque omnis qui et recusandae rem facilis accusantium et.
26,Jeramy22,Fri Jan 01 2021 04:58:47 GMT-0800 (Pacific Standard Time),Adipisci error libero quam ex atque sit. Ad velit dolorem. Minus quidem delectus illum tenetur dignissimos.
55,Jeramy22,Sun Jan 24 2021 12:56:55 GMT-0800 (Pacific Standard Time),Consequatur ut deserunt quas omnis sint voluptas beatae et eaque. Quia blanditiis ut ab dolorum. Earum maiores qui dolores ut. Eum fugit soluta. Inventore nihil nobis placeat soluta ea ut fugit numquam. Dolorem eum magnam earum quae molestiae.
28,Jeramy22,Tue Mar 31 2020 11:50:18 GMT-0700 (Pacific Daylight Time),Corrupti repellendus perferendis ut et velit ut aperiam et. Sint ut doloremque ipsum et accusantium dolorem. Iusto ipsam eum aut enim recusandae. Quas molestias veritatis deserunt. Et sed vitae soluta sed non et quas.
47,Jeramy22,Tue Sep 01 2020 15:21:13 GMT-0700 (Pacific Daylight Time),Aut molestiae iste harum exercitationem est ullam hic placeat. Maiores eaque sed. Voluptas enim eius. Sunt non minus. Dolores sunt qui veniam qui expedita.
57,Jeramy22,Mon Dec 14 2020 20:19:12 GMT-0800 (Pacific Standard Time),Sunt ratione rerum aut maiores at aperiam laborum. Ducimus sit assumenda ut aperiam eius saepe. Fugiat earum numquam non hic porro quis. Occaecati quidem id est mollitia corrupti repellat id id cupiditate.
8,Jeramy22,Fri Jun 12 2020 07:14:32 GMT-0700 (Pacific Daylight Time),Rerum possimus laborum iste expedita autem nam officia consequatur architecto. Distinctio adipisci voluptatem dolorem nisi dolorum et corporis blanditiis voluptatem. Suscipit officiis mollitia nihil sint doloribus odio modi beatae est. Iste maiores excepturi. Sapiente quo eius laboriosam ad.
69,Jeramy22,Wed Dec 23 2020 05:50:55 GMT-0800 (Pacific Standard Time),Vel earum architecto excepturi et fuga voluptate culpa temporibus. Ex aut officia earum nam quasi. Voluptatem ipsam et dignissimos.
7,Jeramy22,Mon Aug 03 2020 05:48:35 GMT-0700 (Pacific Daylight Time),Quis natus aut sit excepturi officia commodi doloremque. Aperiam enim et. Non aut vel. Atque voluptates aliquid molestias.
83,Jeramy22,Tue Feb 09 2021 01:52:39 GMT-0800 (Pacific Standard Time),Vero velit quam architecto qui ratione sapiente. Voluptatum officia natus qui excepturi est vel. Ipsum facere sed dicta aperiam qui quo ducimus laudantium molestias. Eum quia sed odio nihil reiciendis porro autem temporibus aut. Quia fugiat odit molestias.
57,Jeramy22,Sun Jun 07 2020 19:01:38 GMT-0700 (Pacific Daylight Time),Aliquid asperiores doloremque rem. Aut rerum expedita. Et quis mollitia voluptatibus unde dicta. Qui ipsum laboriosam nihil porro voluptas. Consectetur dolor incidunt.
37,Jeramy22,Mon Mar 09 2020 23:51:55 GMT-0700 (Pacific Daylight Time),Deserunt omnis sit quis deserunt vitae fugiat nam. In facere quia vel nostrum blanditiis autem unde. Eius quidem et dolores nihil aspernatur ex. Odio debitis quis eum sed et officia accusantium. Incidunt hic itaque expedita ut. Atque quia est consequatur officiis voluptatem dicta corrupti blanditiis.
93,Jeramy22,Fri Feb 14 2020 04:47:08 GMT-0800 (Pacific Standard Time),Necessitatibus rem facere fugiat amet exercitationem. Doloremque possimus dolorem sunt ratione repellendus. Doloribus repellat odio. Et eaque repellat quasi.
41,Jeramy22,Fri Aug 14 2020 22:12:51 GMT-0700 (Pacific Daylight Time),Accusamus dolores aliquam quo fugit voluptatem consequatur. Ipsum et corrupti qui odit enim ut. Ab doloribus occaecati autem voluptatem nesciunt laudantium voluptas asperiores. Quaerat mollitia ipsum beatae amet illum esse sint.
77,Jeramy22,Sun Apr 26 2020 02:14:25 GMT-0700 (Pacific Daylight Time),Esse nobis similique dolorum rerum voluptates nam aperiam. Error molestiae placeat ut. Aut ut dolor et magni eligendi ipsum praesentium. Sunt magnam voluptatem voluptatum omnis est. Rerum architecto nesciunt.
49,Jeramy22,Mon Sep 28 2020 01:37:20 GMT-0700 (Pacific Daylight Time),Molestiae earum et quod non. Enim veritatis et sit nisi. In rerum illum sunt distinctio. Explicabo et occaecati dolorum natus quae. Iste modi soluta est autem est ipsum voluptatem ea enim. Nostrum reprehenderit molestiae est laboriosam voluptatem fugit dolores commodi.
7,Jeramy22,Wed Sep 02 2020 19:07:18 GMT-0700 (Pacific Daylight Time),Eius quae repellendus. Nulla ea architecto voluptatem ut. Aliquam rerum repudiandae ea quasi dolorem veritatis voluptatum quia.
7,Jeramy22,Thu Mar 19 2020 01:46:12 GMT-0700 (Pacific Daylight Time),Alias cumque optio minus. Vel quam eum minus eaque. Nisi voluptas velit nulla explicabo. Fugit praesentium cumque ea ea consequuntur tenetur. Praesentium est minus recusandae culpa harum voluptatem dicta est.
2,Jeramy22,Sat Jul 04 2020 23:10:44 GMT-0700 (Pacific Daylight Time),In minima molestiae est. Totam nemo repellat aut dicta optio ullam officia a ducimus. Veniam laborum fugiat quia placeat impedit eos. Vero ab tempore ut et perspiciatis aut provident quo esse.
53,Jeramy22,Tue Apr 28 2020 09:46:24 GMT-0700 (Pacific Daylight Time),Magnam optio rerum numquam voluptatibus quo a omnis reprehenderit. Nesciunt expedita ducimus quo. Et et porro ut. Quae sit amet asperiores. Commodi non qui. Deserunt ut voluptatem architecto dolorem cupiditate dolorem veritatis accusamus dolorem.
93,Jeramy22,Wed Dec 02 2020 04:21:47 GMT-0800 (Pacific Standard Time),Et nesciunt ut saepe. Itaque iusto ab. In doloremque quidem aliquam et praesentium ut aliquam impedit fuga. A aliquam architecto. Doloribus expedita et similique eos.
86,Jeramy22,Sun Sep 27 2020 04:30:06 GMT-0700 (Pacific Daylight Time),Ducimus aliquam qui nostrum eos ab voluptates nisi qui harum. Repudiandae modi harum eaque. Consequuntur rerum sed commodi atque hic aspernatur veritatis. Aut ullam autem enim magni quo et consequatur qui repudiandae. Voluptatum et occaecati voluptate nesciunt eum aut quas.
52,Jeramy22,Tue Jun 23 2020 04:15:13 GMT-0700 (Pacific Daylight Time),Consequuntur fuga sit doloribus dolor perferendis facilis sit voluptates et. Inventore unde sunt ullam quidem sit suscipit voluptas in vitae. Voluptatem aut laborum ut et qui veritatis autem recusandae magnam.
73,Jeramy22,Sun May 10 2020 10:42:12 GMT-0700 (Pacific Daylight Time),Sapiente neque sapiente eius ducimus adipisci. Vel voluptas ut maxime fuga molestiae. Ea laboriosam quam ad praesentium ea. Fuga est cum culpa ratione. Consequatur et sunt debitis assumenda quis autem dolorum maiores qui.
31,Jeramy22,Thu Dec 17 2020 23:19:09 GMT-0800 (Pacific Standard Time),Consequatur reiciendis est enim dolor debitis dolores porro aut soluta. Tempora quia qui nam occaecati sed id consequuntur odit similique. Illo nemo iusto corporis quod dicta. Suscipit aut quas ut nemo temporibus.
52,Jeramy22,Sun Oct 18 2020 22:58:19 GMT-0700 (Pacific Daylight Time),Possimus nam esse expedita fuga fugit aliquam et inventore. Consequuntur error iste aspernatur et veritatis omnis aut. Accusamus nulla quo sit nesciunt deserunt in sequi. Omnis sunt voluptas dolores nesciunt exercitationem culpa voluptas aut libero.
85,Jeramy22,Sat May 02 2020 02:24:27 GMT-0700 (Pacific Daylight Time),Et aut sed eius quos et nisi quis sed laboriosam. Ut tempora ullam et minima exercitationem explicabo. Voluptatibus ducimus molestiae non perferendis earum ut. Dolore quod dolor id. Eum sint officiis ratione repellat. Molestiae qui culpa repudiandae velit qui iusto voluptate corrupti.
12,Jeramy22,Sun Jan 03 2021 18:43:48 GMT-0800 (Pacific Standard Time),Consectetur eveniet explicabo quod iusto eos. Tempora et enim consectetur voluptas et. Omnis suscipit explicabo eos quod nesciunt. Qui temporibus blanditiis architecto aperiam voluptatem. Enim adipisci possimus excepturi ipsa. Ipsam dolorem mollitia fugit et possimus facere odio.
73,Jeramy22,Tue Jan 19 2021 19:07:00 GMT-0800 (Pacific Standard Time),Placeat sed est officia et. Eum deleniti corporis esse consequuntur eaque. Ut vel molestiae sapiente illo eos in.
56,Jeramy22,Sat Nov 21 2020 06:59:22 GMT-0800 (Pacific Standard Time),Nemo iste aut minus voluptatem ut adipisci impedit illum. Repellendus ipsum quia harum quod enim sapiente ea voluptatem vitae. Quia quia est velit. Et qui qui blanditiis quidem tempora non aut excepturi recusandae. Libero eaque quam et adipisci alias. Deserunt rerum non nihil fugit labore.
11,Jeramy22,Fri Oct 30 2020 17:51:10 GMT-0700 (Pacific Daylight Time),Nam vel quia sunt est sint in. Qui optio cupiditate dignissimos quia iste assumenda eum dolores. Tempore odio voluptatem sequi quisquam deserunt. Consequatur eum vero tempore repudiandae veritatis qui facere velit. Est eligendi ipsa placeat impedit neque ipsa distinctio est. Voluptatem aut cumque neque vel.
46,Jeramy22,Mon Jun 08 2020 04:00:42 GMT-0700 (Pacific Daylight Time),Minima quae odio enim dolores nihil et qui ut. Laboriosam eos consectetur. Sed sit minus facere sit ullam eos debitis vitae. Omnis quisquam odit quisquam voluptatum a aut expedita voluptatibus. Doloribus soluta atque et optio quas quibusdam.
57,Jeramy22,Wed Feb 19 2020 14:47:08 GMT-0800 (Pacific Standard Time),Ipsa rerum adipisci consequatur molestiae vel. Fuga maiores perspiciatis fugiat ratione fugit doloribus quasi. Magni distinctio rerum sit consectetur qui architecto illo in rerum. Quo qui nostrum rerum voluptates culpa fuga expedita fugit perspiciatis. Et sint et nesciunt voluptates quis rem alias. Reiciendis dolorem deserunt possimus soluta.
20,Jeramy22,Wed Feb 19 2020 03:56:59 GMT-0800 (Pacific Standard Time),Nemo autem atque sunt corrupti. Qui exercitationem animi illum nostrum magni et. Adipisci modi harum vero delectus voluptatum magni. Dolor illum aut.
80,Jeramy22,Fri Oct 16 2020 15:37:20 GMT-0700 (Pacific Daylight Time),Consequatur quas ut. Id nesciunt maxime reprehenderit facere officia. Beatae qui eius enim reiciendis quibusdam assumenda magni. Eos rem odit fugit dolorem rerum. Est in consequatur sed iusto est.
43,Jeramy22,Fri Jun 05 2020 23:56:02 GMT-0700 (Pacific Daylight Time),Voluptate est fuga totam tempora quos et odio. Molestias nostrum aspernatur hic blanditiis accusamus voluptates dolores repellendus. Dicta fuga id ex porro.
73,Jeramy22,Wed Sep 09 2020 12:56:58 GMT-0700 (Pacific Daylight Time),Et excepturi delectus impedit at. Neque enim pariatur qui. Aut quia velit modi sit ipsa harum aut quis ducimus. In perspiciatis ipsum molestiae necessitatibus quia animi.
36,Jeramy22,Sat Feb 29 2020 17:34:28 GMT-0800 (Pacific Standard Time),Sit reiciendis sint. Iste a rerum est. Odit expedita dolorem nulla alias facere voluptatum sunt cum. Libero molestiae ipsam repellat omnis a voluptatem.
13,Jeramy22,Wed Nov 25 2020 09:46:28 GMT-0800 (Pacific Standard Time),Quasi quidem sequi architecto velit pariatur. Ipsam occaecati quibusdam. Dolorum vel totam magnam voluptatibus.
13,Jeramy22,Sun May 24 2020 02:30:54 GMT-0700 (Pacific Daylight Time),Expedita tenetur nam quo aut doloribus ut enim. Debitis quod expedita natus nihil. Atque adipisci suscipit vero nobis id. Voluptate suscipit rerum. Nisi reiciendis maiores corrupti quis. Cupiditate odio repudiandae distinctio quo est.
7,Jeramy22,Sat Feb 22 2020 13:21:38 GMT-0800 (Pacific Standard Time),Dolores dolore nisi autem. Harum error laboriosam officia id. Laboriosam reprehenderit dolores et.
81,Jeramy22,Thu May 14 2020 02:17:08 GMT-0700 (Pacific Daylight Time),Consectetur nulla inventore rem corporis velit ex. Similique optio non quasi numquam adipisci labore sapiente. Eos provident nemo libero consequatur impedit. Sed non culpa velit et soluta nisi. Quis possimus qui laboriosam reiciendis.
66,Jeramy22,Wed Dec 16 2020 14:53:13 GMT-0800 (Pacific Standard Time),Nihil nobis voluptatem recusandae sed. Tempore inventore dolorem aut veritatis tenetur. Sit modi dolore consequuntur et vero quam. Et exercitationem dolorem nam modi asperiores dolor voluptas. Incidunt consectetur iusto ut eum rerum ea. Ratione et quidem quia.
56,Jeramy22,Wed May 06 2020 15:38:13 GMT-0700 (Pacific Daylight Time),Consequatur aspernatur aut. Sit ipsum minima. Voluptatum earum neque eos illo iste eveniet. Odit ullam enim velit facilis nobis. Cumque excepturi dicta beatae sed voluptatem sunt quia sunt.
1,Jeramy22,Sat Aug 01 2020 09:37:45 GMT-0700 (Pacific Daylight Time),Ipsam distinctio deleniti nihil aut magni ab ipsam dolorum qui. Mollitia aut est consequatur. Repudiandae sit debitis fugit eveniet.
61,Jeramy22,Tue Jan 19 2021 16:54:26 GMT-0800 (Pacific Standard Time),Quis alias rerum pariatur vel illo. Rerum voluptas voluptatem iure. Aliquam error voluptatem. Aut ea blanditiis aut enim ipsum doloribus ad. Inventore in minus eum deleniti repudiandae iure inventore fugiat impedit. Eius quod id voluptatem corrupti earum aliquam.
74,Jeramy22,Sun Aug 02 2020 09:05:01 GMT-0700 (Pacific Daylight Time),Nemo ea aliquam optio et soluta dolore sint alias ut. Qui id consectetur omnis fuga sapiente voluptas. Necessitatibus ut eos illo. Nihil praesentium reprehenderit fugit placeat voluptatum numquam deleniti a iure.
4,Jeramy22,Tue Nov 24 2020 06:57:07 GMT-0800 (Pacific Standard Time),Aliquam eaque in sit aliquid. Autem unde pariatur consequatur illum. Qui est et libero officia numquam.
56,Jeramy22,Fri Nov 13 2020 20:03:48 GMT-0800 (Pacific Standard Time),Odio sapiente doloremque quibusdam quisquam at. Et tenetur praesentium aperiam assumenda quas molestias et. Suscipit harum et rem et itaque natus aut. Voluptatum aut maxime hic recusandae omnis numquam et sint. Necessitatibus voluptatem odio magni dolorem quis inventore culpa dolor.
28,Jeramy22,Wed Nov 11 2020 20:59:10 GMT-0800 (Pacific Standard Time),Assumenda quos nulla voluptas ipsum doloremque. Iure animi sed perspiciatis amet eum atque qui natus. Doloribus rem at earum.
72,Jeramy22,Thu Mar 19 2020 00:42:17 GMT-0700 (Pacific Daylight Time),Autem blanditiis quaerat numquam. Occaecati voluptas quidem hic perferendis et placeat. Rerum deserunt ex.
75,Jeramy22,Tue Dec 01 2020 07:23:58 GMT-0800 (Pacific Standard Time),Repudiandae cum in molestiae itaque nam dolorem aut pariatur atque. Sit voluptatibus vel. Possimus similique repellendus ab ipsa possimus quidem voluptatum recusandae laudantium. Nostrum consequatur voluptatum expedita cum consequatur temporibus doloremque suscipit.
46,Jeramy22,Sat Jul 25 2020 19:47:55 GMT-0700 (Pacific Daylight Time),Corrupti ut velit qui. Quo est ad voluptas omnis accusamus sit. At corporis iure et dolores.
97,Jeramy22,Sun Jun 21 2020 02:25:02 GMT-0700 (Pacific Daylight Time),Enim soluta voluptatum officia voluptas. Qui modi fugit voluptas enim. Dicta sed voluptatibus voluptates sit porro dolor repudiandae autem assumenda. Amet voluptas est voluptas qui consequuntur doloremque libero recusandae explicabo. Pariatur vel quidem pariatur. Explicabo excepturi iusto consequatur.
78,Jeramy22,Wed Jan 27 2021 12:55:20 GMT-0800 (Pacific Standard Time),Quia voluptas esse aut. Iure ducimus in amet. Est ut nemo excepturi non tempora odio qui id omnis. Animi dolore quo itaque modi.
34,Jeramy22,Sun Jan 24 2021 01:15:43 GMT-0800 (Pacific Standard Time),Fugit fugiat earum eum qui quaerat molestiae natus dolore inventore. Ex asperiores qui laudantium incidunt aperiam dolores soluta corporis. Nisi ab cum sit nemo perspiciatis incidunt fugit qui. Corrupti consequuntur facere error. Culpa debitis et dolorem quidem velit quam ipsum aspernatur. Iste eos dolor quis eveniet architecto et.
52,Jeramy22,Sun Mar 22 2020 00:17:29 GMT-0700 (Pacific Daylight Time),Ipsum molestias asperiores corrupti quisquam. Et qui libero laudantium assumenda. Qui aliquam rem architecto cum voluptas porro error.
76,Jeramy22,Fri Dec 18 2020 17:17:55 GMT-0800 (Pacific Standard Time),Delectus exercitationem delectus. Doloribus animi deserunt ipsa quae. Cumque cum deleniti architecto ea. Molestias tempora quidem dolores quos dolore quidem.
10,Jeramy22,Mon Nov 30 2020 20:00:11 GMT-0800 (Pacific Standard Time),Quo explicabo in. Doloribus hic consectetur et. Tenetur non at praesentium est similique laborum quia in nostrum. Praesentium et cupiditate eum error aut repellendus. Vel aut sunt neque quibusdam. Dolorum ducimus in quo doloremque.
83,Jeramy22,Wed Nov 04 2020 16:55:43 GMT-0800 (Pacific Standard Time),Sequi quo sint enim doloremque earum est. Doloremque vel ut. Autem autem tempore qui veritatis amet animi. Delectus autem a eum nihil illo.
79,Jeramy22,Sun Jul 05 2020 22:44:46 GMT-0700 (Pacific Daylight Time),Eos exercitationem nulla ut aut architecto sed. Recusandae aut velit ipsam placeat asperiores quam. Hic facere ut veniam alias magnam consectetur iusto. Necessitatibus earum ut dolores. Minus autem dicta et eius ullam reprehenderit cum omnis. Et ex velit pariatur.
42,Jeramy22,Sun Jul 26 2020 15:41:13 GMT-0700 (Pacific Daylight Time),Nam vero illum quis fugit nam. Et saepe ad rem error est unde est. Iure atque aliquam dolores dolore reiciendis reiciendis quod. Et et illum ipsa.
31,Jeramy22,Sat Nov 07 2020 06:07:35 GMT-0800 (Pacific Standard Time),Voluptatibus enim consequatur et nam voluptatem. Placeat earum eum ipsam laboriosam. Iste blanditiis quis repellat veniam. Optio alias ut eveniet autem in.
49,Jeramy22,Sun Mar 29 2020 13:30:28 GMT-0700 (Pacific Daylight Time),Deserunt mollitia quas veritatis quae. Vero modi corporis doloremque quia. Ea aut aut qui hic aut. Et amet voluptate recusandae accusamus exercitationem sit blanditiis deleniti molestiae. Doloribus perspiciatis iusto qui laborum dolor a reprehenderit pariatur.
68,Jeramy22,Mon Apr 27 2020 06:04:21 GMT-0700 (Pacific Daylight Time),Vitae iure impedit vitae dolorem quam nam illum a. Esse consequatur occaecati pariatur quod repellendus sed. Quae ratione provident commodi neque sed eos. Fugiat sunt quis tempore sunt et magnam repellat.
4,Jeramy22,Sat Aug 15 2020 15:40:59 GMT-0700 (Pacific Daylight Time),Occaecati est magnam veritatis tenetur recusandae. Est eum est quasi doloribus incidunt. Vel sapiente neque.
51,Jeramy22,Sat Aug 22 2020 04:02:34 GMT-0700 (Pacific Daylight Time),Veritatis quo beatae in mollitia. Aut enim atque eos expedita quod est. Voluptates voluptatem quis explicabo incidunt amet voluptatem. Corrupti qui temporibus voluptatem similique molestiae. Nostrum ea aut qui blanditiis ut. Sequi unde est aut sit.
24,Jeramy22,Sun Jan 24 2021 00:22:10 GMT-0800 (Pacific Standard Time),Alias repellendus mollitia cupiditate. Explicabo exercitationem ipsum dignissimos ut qui autem. Similique qui voluptatum ad accusamus ipsa hic quos facilis.
67,Jeramy22,Mon Sep 21 2020 01:41:37 GMT-0700 (Pacific Daylight Time),Maxime reiciendis officia qui ab voluptas at doloribus eius ea. Animi deserunt inventore accusantium aliquid omnis amet. Quia occaecati vitae consequatur et omnis qui totam. Voluptas suscipit iure dolorum.
12,Jeramy22,Mon May 25 2020 14:54:34 GMT-0700 (Pacific Daylight Time),Fugiat quis dolores magnam aliquid ducimus. Enim id odio commodi non aliquid et. Quibusdam ut voluptatum ipsa assumenda similique temporibus rerum nihil.
93,Jeramy22,Sat Dec 26 2020 06:51:01 GMT-0800 (Pacific Standard Time),Eum explicabo adipisci qui repellendus modi dolorem. Sunt voluptatem maiores dolorum. Neque cupiditate ut aut delectus ullam quibusdam eos mollitia esse. Quos quod aut eaque unde porro. Sunt culpa amet.
4,Jeramy22,Mon Jan 04 2021 21:36:16 GMT-0800 (Pacific Standard Time),Sed ducimus minima commodi. Qui quo ipsa quisquam ex tempore quos cupiditate. Nihil sit suscipit mollitia ut labore voluptatum.
3,Jeramy22,Tue Sep 29 2020 02:32:04 GMT-0700 (Pacific Daylight Time),Molestiae itaque quasi. Et ullam accusamus beatae aut tempora fuga quo qui. Accusamus ad quia.
47,Jeramy22,Tue Apr 21 2020 15:07:50 GMT-0700 (Pacific Daylight Time),Nemo ex tenetur quod. Tempora dolor similique vero cumque. Quis est id perspiciatis. Hic dolor quo id minima earum quis.
74,Jeramy22,Wed Mar 04 2020 22:56:22 GMT-0800 (Pacific Standard Time),Quia qui natus optio explicabo et. Dolores odit eius. Voluptatem ad molestiae rerum sed cum iste eum. Rerum illo ipsam ad esse ea. Nostrum modi saepe provident earum dolorem quasi. Quas est velit sed assumenda et non numquam magni.
86,Jeramy22,Mon May 04 2020 17:15:52 GMT-0700 (Pacific Daylight Time),Aut ipsum omnis aspernatur est. Repudiandae accusamus consequatur a quaerat minus id. Dolorum ut id nisi quia.
35,Jeramy22,Sat Oct 10 2020 18:30:54 GMT-0700 (Pacific Daylight Time),Maxime quo inventore nam architecto sed ut ab ea occaecati. Autem accusantium distinctio et. Molestias possimus tenetur.
41,Jeramy22,Wed Dec 02 2020 02:23:54 GMT-0800 (Pacific Standard Time),Aut ipsum velit blanditiis placeat autem sint explicabo. Est ut et voluptates et quam. Earum et officia qui saepe maxime aperiam delectus accusamus adipisci. Corporis aut sint temporibus quis iure omnis. Et reiciendis quia repellat. Et illum doloremque nulla ut accusantium omnis et eius et.
82,Jeramy22,Tue Jun 09 2020 13:53:12 GMT-0700 (Pacific Daylight Time),Suscipit aut rem recusandae ducimus. Ex eaque vel consequatur laborum doloribus est beatae eveniet. Magni debitis asperiores voluptatem quia explicabo suscipit maiores nisi ex. Expedita maxime delectus et cumque cumque ut eum autem minus.
82,Jeramy22,Sun Dec 27 2020 02:39:33 GMT-0800 (Pacific Standard Time),Aliquam id voluptatem id recusandae ea dolor. Quis culpa facere tempora voluptas est sit mollitia deleniti est. Alias explicabo maiores sit maxime sit at eaque.
6,Jeramy22,Sat Nov 21 2020 11:02:15 GMT-0800 (Pacific Standard Time),Sunt error saepe et provident ullam doloribus similique placeat. Aut nihil ut. Error voluptates eum labore aspernatur aperiam repudiandae omnis. Impedit consequatur id voluptas provident alias. Aperiam non voluptate qui omnis est accusantium.
14,Jeramy22,Wed Jun 10 2020 06:19:17 GMT-0700 (Pacific Daylight Time),Occaecati facilis velit eum alias maxime et molestiae ad. Rem neque ea sit ut quo voluptates. Temporibus illo nulla quia. Quibusdam libero porro praesentium eaque incidunt enim at accusantium. Aut molestias eos sit vitae porro enim.
32,Jeramy22,Sat Apr 11 2020 18:43:08 GMT-0700 (Pacific Daylight Time),At tempore repellendus commodi ut sed unde vel. Provident nostrum quis non accusantium incidunt tenetur. Molestiae voluptates velit. Illum explicabo dicta id reiciendis perferendis et nesciunt expedita quae.
65,Jeramy22,Fri Dec 04 2020 07:14:47 GMT-0800 (Pacific Standard Time),Quibusdam repellendus ut quasi et et quia assumenda. Inventore perferendis nisi fugiat. Pariatur rem iste. Doloribus sed quia a et. Molestiae modi et dolor dolor voluptatem iusto inventore.
74,Jeramy22,Thu May 14 2020 23:10:34 GMT-0700 (Pacific Daylight Time),Quia cupiditate ea quia tenetur neque ipsa tenetur veniam. Porro doloribus molestias rerum deserunt recusandae. Corrupti iure enim. Et suscipit eos aliquid mollitia et. Pariatur et consequatur non.
84,Jeramy22,Thu May 14 2020 19:25:46 GMT-0700 (Pacific Daylight Time),Et est nesciunt vel quam possimus est. Ea recusandae ut doloremque ut optio enim aspernatur minima. Voluptates labore molestiae ut consequatur ex. Delectus magnam sequi mollitia quo reiciendis est ducimus.
72,Jeramy22,Wed Apr 08 2020 08:03:39 GMT-0700 (Pacific Daylight Time),Dolorem nobis voluptas. Cum ut laudantium eum dignissimos voluptas nobis. Corrupti et architecto nam qui iste et.
86,Jeramy22,Tue Dec 01 2020 15:45:22 GMT-0800 (Pacific Standard Time),Voluptatem qui nesciunt eaque dolorem rem id odio reprehenderit. Porro et officiis culpa similique porro repellendus. Est aut et. Iusto id ut nobis. Minus magni et ut qui architecto. Excepturi aut reiciendis.
5,Jeramy22,Tue Mar 10 2020 02:33:51 GMT-0700 (Pacific Daylight Time),Culpa voluptatem laudantium repellendus ea occaecati placeat veniam. Voluptatem officiis mollitia rerum harum sit unde accusantium. Vero non dolorem deleniti eum natus. Qui eos earum maiores dolore recusandae adipisci voluptate.
61,Jeramy22,Tue Jun 30 2020 08:06:21 GMT-0700 (Pacific Daylight Time),Tempora soluta repellendus id assumenda. Neque non reiciendis. Ducimus sint similique autem maiores quidem ducimus sequi non porro. Ut aperiam ullam veritatis voluptas.
11,Jeramy22,Mon Dec 28 2020 15:11:10 GMT-0800 (Pacific Standard Time),Provident eligendi ut reiciendis quos. Qui qui facilis minus earum aut accusamus et est. Sequi debitis deserunt at. Placeat rem qui eum fugit non optio quo. Culpa quia voluptas distinctio cum voluptas non.
91,Jeramy22,Thu Sep 10 2020 09:12:33 GMT-0700 (Pacific Daylight Time),Cumque nam eius sit delectus cum neque placeat. In accusantium officiis qui sapiente impedit non blanditiis voluptates numquam. Voluptatem dolorum adipisci cupiditate aut omnis rem. Ab ea ab modi aut accusantium sequi.
57,Jeramy22,Sat Aug 22 2020 00:06:27 GMT-0700 (Pacific Daylight Time),Reprehenderit est quo aut recusandae amet et. Aut ea nihil esse nulla itaque totam. Sunt modi consequuntur consequatur saepe.
11,Jeramy22,Thu Oct 01 2020 03:51:47 GMT-0700 (Pacific Daylight Time),Reprehenderit ipsa et officia sit dolorem. Et laudantium ratione dolores numquam enim alias vero ratione. Consectetur quam ut consectetur veniam numquam et nihil aut. Iusto corrupti numquam ex qui nihil. Reiciendis est quis dolorem earum maiores cupiditate non corrupti et. Quas aspernatur architecto.
74,Jeramy22,Tue Nov 03 2020 04:24:41 GMT-0800 (Pacific Standard Time),Ipsum labore quas expedita ducimus perferendis. Ea nam fugit. Illo sint eum nam ut dolore aut aliquid. Aut delectus ut rerum accusantium perspiciatis perspiciatis asperiores. Temporibus velit repellendus quibusdam saepe ut quidem blanditiis et.
35,Jeramy22,Tue Feb 02 2021 01:20:33 GMT-0800 (Pacific Standard Time),Placeat excepturi quos qui culpa omnis sint. Non consequatur adipisci at. Aut pariatur atque doloribus et exercitationem reiciendis fugiat rem. Cupiditate molestiae eius. In quia temporibus rerum tempora repellendus velit a sit.
9,Jeramy22,Tue Jul 07 2020 03:54:58 GMT-0700 (Pacific Daylight Time),Veritatis labore sit tempora iure non labore. Ex adipisci consequatur rem dignissimos. Et nihil provident officia. Et ad commodi.
98,Jeramy22,Thu Oct 01 2020 13:28:16 GMT-0700 (Pacific Daylight Time),Reprehenderit hic autem omnis aspernatur excepturi. Est quasi consequuntur sit ducimus enim enim modi enim ut. Ut accusamus rem qui itaque suscipit quos.
70,Jeramy22,Sun Dec 13 2020 10:34:28 GMT-0800 (Pacific Standard Time),Eveniet laborum quo quo enim. Quis quam exercitationem fuga fuga at aut sit laborum. Doloribus et consequatur eveniet totam ut numquam occaecati fuga. Et adipisci voluptas eos id. Officia qui quaerat numquam animi qui similique est.
86,Jeramy22,Fri Jul 10 2020 07:43:57 GMT-0700 (Pacific Daylight Time),Et sit nulla qui veritatis magni eos qui debitis et. Ut aut et voluptas. Qui sed aperiam ab ipsam omnis ex natus maxime. Aut consequatur similique recusandae illum et minima aut. Autem quod ut ad officia sit fugiat qui. Quae voluptatem quo.
35,Jeramy22,Sat Mar 07 2020 17:56:52 GMT-0800 (Pacific Standard Time),Voluptatem recusandae iure in dolor sed molestiae eum atque ducimus. Consequatur voluptates tenetur cupiditate hic molestiae et vel. Et ipsam perferendis commodi voluptatem dolorem. Perspiciatis et ut earum nihil recusandae nemo beatae sunt dolores. Nihil fugiat sit quae provident in. Id illo possimus omnis quia blanditiis expedita molestias consequatur.
10,Jeramy22,Wed Apr 08 2020 09:46:07 GMT-0700 (Pacific Daylight Time),Quis nihil eligendi est voluptas rerum molestias. Eos voluptatibus voluptas. Impedit quisquam aspernatur eum eum quos.
66,Jeramy22,Thu Aug 13 2020 10:42:14 GMT-0700 (Pacific Daylight Time),Vero nihil quia culpa quas atque. Quos culpa ratione quas tenetur voluptas aspernatur optio est omnis. Excepturi impedit provident dolor. Ab laborum quo corporis ut et corporis. Sunt veritatis aut et facere. Nam laborum doloremque est.
72,Jeramy22,Sat Dec 05 2020 05:48:52 GMT-0800 (Pacific Standard Time),Nisi tenetur id. Quia nesciunt qui sint cumque nobis molestias ab quam debitis. Qui ut numquam a.
16,Jeramy22,Mon Apr 13 2020 01:43:12 GMT-0700 (Pacific Daylight Time),Consectetur nobis beatae exercitationem ut quas. Molestias non maiores et molestiae. Voluptas voluptatibus ut repudiandae autem. Aliquid et dolor voluptas accusamus deserunt nulla eos unde. Similique a delectus nemo qui molestiae iusto aut ipsum esse.
62,Jeramy22,Tue Sep 01 2020 16:20:14 GMT-0700 (Pacific Daylight Time),Repudiandae non fuga repellat assumenda voluptatem error suscipit culpa. Voluptatibus placeat rerum et vel eaque occaecati ad ut. Incidunt consequatur aut eligendi perferendis esse commodi quia consequatur voluptatem. Voluptate incidunt esse quae error. Voluptatem sed perferendis est voluptatem dolores optio. Neque eius ea quidem.
92,Jeramy22,Sun Jan 31 2021 20:02:21 GMT-0800 (Pacific Standard Time),Blanditiis at qui atque dolorem placeat eum placeat. Placeat ut eos facilis occaecati sint esse possimus ut eos. Rerum autem enim sed voluptatem illum. Omnis rerum et quod. Animi amet culpa occaecati dolores officia id cumque neque.
1,Jeramy22,Sat Oct 03 2020 13:13:51 GMT-0700 (Pacific Daylight Time),Odit officiis id voluptatem dolorum laudantium quis delectus vitae. Voluptatem sint molestiae ut dolor. Provident itaque aut.
87,Jeramy22,Mon Dec 14 2020 03:30:59 GMT-0800 (Pacific Standard Time),Saepe eius assumenda id. Distinctio ab earum. Sequi sapiente sit voluptas reprehenderit accusamus occaecati est est dolorem. Ut libero voluptatum quia saepe.
46,Jeramy22,Sun Sep 06 2020 02:25:28 GMT-0700 (Pacific Daylight Time),A minima placeat quibusdam. Esse consectetur architecto illo delectus. Suscipit aut impedit accusantium doloremque.
57,Jeramy22,Mon Mar 30 2020 00:38:46 GMT-0700 (Pacific Daylight Time),Reiciendis quo exercitationem quas suscipit aliquam aliquam vero. Rerum velit atque asperiores repudiandae hic et. Maxime voluptas est.
16,Jeramy22,Mon Dec 28 2020 21:41:16 GMT-0800 (Pacific Standard Time),Voluptas sed est atque voluptatibus alias non earum ut ipsum. Eveniet sint maxime eos qui quia natus quidem. Porro velit dolor quia natus nesciunt commodi ducimus culpa repellendus.
39,Jeramy22,Fri Apr 10 2020 23:29:26 GMT-0700 (Pacific Daylight Time),Quisquam est adipisci. Voluptatum autem veritatis. Aut rerum sit iste ad harum. Autem et impedit dolore quia molestiae et blanditiis.
88,Jeramy22,Thu Mar 26 2020 21:20:55 GMT-0700 (Pacific Daylight Time),Architecto accusantium quo debitis quibusdam non doloribus cupiditate qui. Quod odio consequatur aperiam. Aut laborum dicta at.
22,Jeramy22,Sat Feb 15 2020 09:59:29 GMT-0800 (Pacific Standard Time),Dolore similique sunt accusamus non dolorum officia rerum illo. Non esse quia ut unde non ipsa amet aliquam. Aut perspiciatis sequi nihil corporis aut consectetur delectus sunt quam. Amet error aut quam. Perspiciatis repudiandae minus aut voluptas sapiente excepturi. Repellat velit voluptatibus temporibus est odit.
16,Jeramy22,Thu Mar 12 2020 00:06:20 GMT-0700 (Pacific Daylight Time),Repellendus tempora rerum ut est. Iure beatae quia. Illo tempore ea dignissimos molestiae veniam aperiam. Fugiat enim magni ex quis. Tempore perferendis ea sit consectetur autem id. Eius nihil nesciunt ex ex cum sit.
8,Jeramy22,Wed Nov 11 2020 02:19:08 GMT-0800 (Pacific Standard Time),Ex culpa quisquam blanditiis nesciunt. Consequatur ipsam et dignissimos autem et labore. Voluptatem dolor sapiente alias ut magnam. Dolores itaque esse labore consequuntur fuga aliquam rem sed et. Consequatur tempora laborum.
27,Jeramy22,Wed Nov 25 2020 01:23:29 GMT-0800 (Pacific Standard Time),Neque voluptas non aspernatur distinctio cum porro occaecati molestiae. Et quae sed ut est mollitia dolores. Dolores voluptatem quam omnis iure. Doloribus ut ut rerum quasi non tempore.
70,Jeramy22,Wed Sep 30 2020 20:17:55 GMT-0700 (Pacific Daylight Time),Nihil ut nihil et soluta. Quo et dolorem non nihil molestiae placeat qui quod odit. Enim saepe laudantium labore blanditiis voluptatum consequatur. Itaque numquam omnis odio. Dolores nihil quas id quo voluptatem.
69,Jeramy22,Tue Jan 05 2021 23:19:30 GMT-0800 (Pacific Standard Time),Qui error animi deserunt. Eos nihil eveniet magnam soluta deserunt quam ipsum. Et ut aut non.
33,Jeramy22,Tue Oct 13 2020 17:02:05 GMT-0700 (Pacific Daylight Time),Vero qui et rerum a autem mollitia. Sed enim alias voluptate. Illum quia exercitationem. Quis quis molestiae. Non sit itaque sapiente.
74,Jeramy22,Wed Feb 03 2021 14:32:41 GMT-0800 (Pacific Standard Time),Ullam et quasi in. Culpa doloremque atque. Consequatur et perferendis ea reprehenderit blanditiis fugiat. Eaque quia iure vel.
51,Jeramy22,Sun Oct 11 2020 12:28:52 GMT-0700 (Pacific Daylight Time),Voluptas molestiae dolores dignissimos enim in vero nisi. Rerum incidunt repudiandae. Iusto adipisci omnis voluptatibus pariatur odio velit illum occaecati. Similique et perferendis. Et quaerat ut est quia qui. Sed porro iusto eos optio iste est enim fugit.
7,Jeramy22,Sat May 30 2020 09:07:26 GMT-0700 (Pacific Daylight Time),Necessitatibus ea doloremque fugiat facere aut sint tenetur facilis. Quisquam aut qui quisquam deserunt. Doloribus similique esse incidunt esse.
69,Jeramy22,Wed Jul 15 2020 23:50:01 GMT-0700 (Pacific Daylight Time),Et minima suscipit molestiae incidunt et fugit voluptatem maxime voluptas. Velit ipsa corrupti qui autem nam expedita illum. Eius ut magni ab. Aut dolor repellat provident maiores.
48,Jeramy22,Sat Jul 18 2020 00:43:14 GMT-0700 (Pacific Daylight Time),Aut sed veniam quam et consequuntur sunt ratione quis. Iusto amet sed vitae illum quibusdam. Est ut consequatur voluptas et ut libero laborum quia. Ut dignissimos omnis ut.
8,Jeramy22,Fri May 08 2020 08:40:10 GMT-0700 (Pacific Daylight Time),Odit numquam perferendis architecto in iste. Ratione optio sed voluptatum et qui neque debitis veritatis est. Reiciendis officiis culpa aut occaecati.
97,Jeramy22,Thu Jun 25 2020 05:02:12 GMT-0700 (Pacific Daylight Time),Qui vero voluptatem dolores nihil voluptatum officiis quibusdam. Et qui voluptate illum omnis nemo et. Sequi explicabo sint labore. Totam non est quis velit necessitatibus repellendus quo eius. Voluptate nostrum et impedit corrupti consequatur.
61,Jeramy22,Mon Sep 21 2020 13:58:06 GMT-0700 (Pacific Daylight Time),Dolore provident quaerat dolorum sit laudantium incidunt voluptas. Maiores aut officia maiores modi placeat. Perspiciatis sed facere sit reprehenderit.
40,Jeramy22,Tue Dec 22 2020 02:07:54 GMT-0800 (Pacific Standard Time),Laboriosam maiores iure quo. Aut perspiciatis qui voluptas ducimus voluptates earum doloremque omnis dolorem. Et iusto soluta recusandae molestiae aut cum distinctio et vel. Ut omnis iste perspiciatis.
26,Jeramy22,Wed Apr 29 2020 01:35:48 GMT-0700 (Pacific Daylight Time),Sint labore natus repellat et eius expedita repellat doloremque quo. Voluptas quia sit reiciendis vel. Deserunt est exercitationem iusto vel deserunt quos voluptas deleniti totam. Provident minima consequatur.
41,Jeramy22,Tue Apr 21 2020 16:49:07 GMT-0700 (Pacific Daylight Time),Harum beatae maiores sequi quia quisquam aut fuga ut tempore. Et ea a est delectus incidunt commodi suscipit. Omnis hic beatae quia illo nesciunt ut qui delectus voluptas. Odio neque sed. Et magnam corrupti incidunt rem labore assumenda. Ipsam voluptas vel cumque voluptatibus voluptatem ut.
76,Jeramy22,Wed Oct 14 2020 05:08:51 GMT-0700 (Pacific Daylight Time),Sunt vel aut ad atque. Qui veniam dolores et aut voluptatum et error quidem quisquam. Expedita quia ut voluptas quos. Consequatur consectetur qui voluptatem. Ullam et quibusdam voluptas ut architecto sit autem sed.
26,Jeramy22,Mon Sep 07 2020 17:42:29 GMT-0700 (Pacific Daylight Time),Ut laborum reprehenderit dicta eaque sunt nemo id delectus mollitia. Tenetur et alias qui ipsum labore et maiores enim expedita. Quia quia animi voluptatem.
8,Jeramy22,Fri Mar 13 2020 12:52:08 GMT-0700 (Pacific Daylight Time),Et voluptatibus pariatur et corporis laboriosam. Consectetur temporibus eos unde quae est adipisci aut ut. Dolorem ut dignissimos aut in perferendis aliquam. Voluptas consectetur esse. Dolor et ducimus laborum sint aut debitis occaecati voluptas.
42,Jeramy22,Sun Nov 01 2020 14:19:42 GMT-0800 (Pacific Standard Time),Quia eaque non ut rerum eum enim aperiam est voluptas. Sit qui earum vel doloremque autem excepturi quis. Sint dolore dolore iusto asperiores quod aut et rerum sequi. Eius aliquid eius voluptas magni et vitae itaque tenetur quisquam. Vel iusto consequatur necessitatibus tempora sed optio ducimus inventore.
35,Jeramy22,Fri Nov 27 2020 10:46:42 GMT-0800 (Pacific Standard Time),Ut saepe fuga quaerat autem dolorem eaque. Consequatur enim hic nemo molestias et a. Autem pariatur non. Quam quia enim.
79,Jeramy22,Fri Dec 18 2020 01:05:36 GMT-0800 (Pacific Standard Time),Enim et rerum dolores. Deserunt illum vero sit. Labore animi saepe voluptate.
31,Jeramy22,Tue Mar 10 2020 00:30:56 GMT-0700 (Pacific Daylight Time),Aliquid odio a qui impedit. Et suscipit vitae minus et. Ducimus alias natus nam laudantium ipsum. Quia perspiciatis iure consectetur quia quia. Qui eius quo aut. Quam consequatur quod nihil qui veniam eum omnis magnam rerum.
95,Jeramy22,Sat May 09 2020 10:36:00 GMT-0700 (Pacific Daylight Time),Vel perspiciatis accusantium. Explicabo accusantium maiores consequuntur architecto dicta blanditiis non voluptas. Quia minus eos sit. Assumenda culpa natus qui. Sed ipsam reiciendis qui adipisci blanditiis rerum ut autem.
85,Jeramy22,Sun Oct 11 2020 06:56:58 GMT-0700 (Pacific Daylight Time),Nemo excepturi et velit sint tempore earum qui nihil. Rem dolores assumenda et ut quia et deserunt. Suscipit consequuntur rem ipsum aut repellendus quasi rerum accusamus. Consequatur impedit accusantium unde sapiente id ab. Iure nobis sint eos quis. Impedit quia sint dolor ducimus cum placeat illum error nulla.
82,Jeramy22,Thu Dec 03 2020 03:13:10 GMT-0800 (Pacific Standard Time),Fugiat sequi optio magnam et est vero. Tenetur consectetur hic. Voluptas natus aspernatur. Laudantium quisquam non illo debitis nesciunt a sint est natus. Maxime necessitatibus reprehenderit et possimus et aut ut.
52,Jeramy22,Thu Jan 21 2021 21:09:41 GMT-0800 (Pacific Standard Time),Assumenda dolores quia aliquid illum. Alias sit laborum ex. Quidem quia ullam enim aut est aliquid corporis ut eum. Magnam consequuntur voluptatem.
83,Jeramy22,Mon May 11 2020 05:10:22 GMT-0700 (Pacific Daylight Time),Et aut autem nemo magni repudiandae veritatis quo. Exercitationem voluptatem est voluptatum. Ut enim qui aperiam nobis quibusdam odit sed. Occaecati maxime id minus eos nam dicta id accusamus. Aut esse est amet sed et.
57,Jeramy22,Thu Jan 14 2021 01:24:17 GMT-0800 (Pacific Standard Time),Quasi molestiae ab maxime cum libero. Ducimus necessitatibus ullam sit rerum aliquam qui natus optio. Ullam ducimus nemo autem velit saepe voluptas sed. Qui et incidunt sunt laborum cum quasi. Eius et dolore accusamus quia pariatur repellendus dolorum est ducimus.
83,Jeramy22,Wed Oct 07 2020 06:45:42 GMT-0700 (Pacific Daylight Time),Quae qui maiores non. Officia beatae eius debitis nobis et possimus ipsum. Ex magni blanditiis incidunt. Doloribus sit aut et modi cupiditate quo quis reprehenderit odio.
10,Jeramy22,Sun Jul 12 2020 21:33:41 GMT-0700 (Pacific Daylight Time),Aut voluptatem est deserunt aut veniam saepe ratione inventore. Quasi eum delectus et voluptatum eius optio mollitia. Unde tempore reiciendis. In sint numquam et debitis hic aspernatur. Non perferendis excepturi laudantium tenetur qui aut dolores blanditiis.
65,Jeramy22,Sun Oct 11 2020 09:38:14 GMT-0700 (Pacific Daylight Time),Quasi necessitatibus enim quis ea odit error nesciunt neque rerum. Qui molestiae libero. Repellendus quis alias eos et doloremque quasi cum quam quidem.
81,Jeramy22,Mon Apr 20 2020 19:15:27 GMT-0700 (Pacific Daylight Time),Voluptatem quia et et aut ut. Quis voluptas aspernatur laborum repellat voluptatem quidem fugiat. Veniam et eveniet porro corrupti nulla consectetur atque ea dolorem. Ut in deserunt officia soluta cum iure ipsa ab. Velit et et officia.
13,Jeramy22,Sun Jan 31 2021 13:14:19 GMT-0800 (Pacific Standard Time),Reiciendis dolorum tempore voluptatem sapiente deleniti labore illum veniam id. Voluptas similique soluta eveniet aut ipsam expedita culpa sed. Culpa quia consequatur.
0,Jeramy22,Wed Jan 06 2021 00:33:23 GMT-0800 (Pacific Standard Time),Aliquid aperiam dicta quis possimus ratione est et ea. Ducimus tenetur facilis quo ut. A sint aliquid aut repellendus quaerat quas rerum et. Unde nihil vitae cupiditate. Nulla velit tempora suscipit modi. Eos sint velit aut.
62,Jeramy22,Fri May 15 2020 16:59:05 GMT-0700 (Pacific Daylight Time),Illo alias et et temporibus vel voluptatem. Dolorem eius at sapiente quaerat et quas vero quidem. Molestiae itaque ex. Sint quibusdam neque nemo sint quae.
72,Jeramy22,Sat Dec 12 2020 12:08:02 GMT-0800 (Pacific Standard Time),Et magni voluptas. Delectus nesciunt maiores in in. Minus saepe impedit. Soluta ut eveniet. Ex qui expedita illum ut qui et quos. Perspiciatis eligendi earum neque tenetur aut quam.
35,Jeramy22,Thu Jan 14 2021 07:55:06 GMT-0800 (Pacific Standard Time),Facilis et sit quis optio rerum quis neque cupiditate. Ut enim in. Explicabo nesciunt inventore quis animi exercitationem ipsa. Quis ut omnis doloremque distinctio quia sint aut est totam.
52,Jeramy22,Sat Jul 04 2020 21:21:10 GMT-0700 (Pacific Daylight Time),Aut odio in possimus ea voluptatem et. Illum quaerat perferendis et. Ipsum delectus non. Et quis ut ad. Sint architecto odio sit molestiae ut repellat quas. Veritatis autem nostrum laudantium optio ab aut excepturi laborum ipsam.
42,Jeramy22,Sat Feb 29 2020 05:07:53 GMT-0800 (Pacific Standard Time),Sapiente voluptates aut. Pariatur velit dolores. Aperiam dolores et quia dolores corrupti. Nam adipisci est enim mollitia neque est et eveniet eaque. Doloremque soluta quam est ipsum delectus impedit. Omnis accusantium aut non eligendi vero ad temporibus iure perferendis.
7,Jeramy22,Fri Sep 25 2020 18:32:21 GMT-0700 (Pacific Daylight Time),Impedit soluta corporis similique sit. At veritatis tenetur impedit pariatur eos. Perferendis amet alias ipsam dolorem. Debitis voluptatem eaque aut accusamus consectetur necessitatibus quaerat numquam.
45,Jeramy22,Sat Apr 04 2020 15:45:42 GMT-0700 (Pacific Daylight Time),Accusamus velit perspiciatis labore. Perferendis est voluptas commodi. Rerum alias ut ea omnis voluptatibus ipsa et id. Corporis possimus eum sit animi dolor veniam nulla vero. Ea ut earum consequatur sed magni optio qui ut sunt. Modi tempore eos alias sint quod.
57,Jeramy22,Wed Dec 23 2020 12:39:00 GMT-0800 (Pacific Standard Time),Quia molestias molestias. Suscipit recusandae autem aliquam nemo excepturi est et tenetur. Accusantium necessitatibus illum officia accusantium eaque repudiandae laborum. Pariatur in voluptatem dolor nam recusandae et fuga.
69,Jeramy22,Thu Jul 30 2020 10:25:19 GMT-0700 (Pacific Daylight Time),Et perspiciatis minima libero quia. In asperiores esse. Magnam nesciunt voluptatem quas. Ut dolores asperiores tempore quaerat magnam. Ad sit eum possimus. Qui sed porro tenetur.
40,Jeramy22,Mon Nov 02 2020 14:59:35 GMT-0800 (Pacific Standard Time),Vitae occaecati est consequatur vel dolorem quo quos consequuntur. Ex qui consequatur quas facilis quis ducimus vel sint. Quaerat dolorum sint repudiandae error neque hic sit. Delectus ut voluptatem qui placeat. Et dolores nostrum qui dolor et rerum suscipit enim iste.
90,Jeramy22,Mon Oct 05 2020 15:15:19 GMT-0700 (Pacific Daylight Time),Ex quia provident eius consequuntur illo veniam officia sequi. Autem consequuntur fugit nihil dolores qui. Eum aut est aspernatur facilis aut eaque voluptas error. Laudantium qui perspiciatis velit consequatur ipsam quasi.
5,Jeramy22,Thu Oct 15 2020 14:02:00 GMT-0700 (Pacific Daylight Time),Quis nesciunt soluta in. Fuga voluptas et nobis quibusdam vero nihil veniam tempore esse. Inventore expedita qui nam.
91,Jeramy22,Fri Jun 26 2020 17:43:24 GMT-0700 (Pacific Daylight Time),Numquam molestias id dolor ut facere non. Culpa amet saepe in minima id. Nihil illo eaque sit eius est est alias neque velit. Quia provident culpa consectetur sit voluptatum ipsam voluptate necessitatibus.
90,Jeramy22,Sun Dec 06 2020 05:11:11 GMT-0800 (Pacific Standard Time),Odit cumque molestias. Sed aut nihil soluta omnis voluptas consectetur et ipsam cupiditate. Fugiat est quidem quasi alias quos. A temporibus dolores occaecati. Sunt voluptate fugit sint.
48,Jeramy22,Wed Jan 13 2021 00:23:37 GMT-0800 (Pacific Standard Time),Ratione et voluptatum earum molestiae et autem est ut ad. Aperiam soluta et natus natus adipisci voluptatibus quia incidunt illum. Libero perferendis doloribus. Aspernatur qui vero qui sint fuga omnis optio. Corporis nostrum inventore a voluptate est incidunt eos voluptatem quis. Aut aut nulla sequi commodi nulla.
31,Jeramy22,Fri Jul 17 2020 12:24:53 GMT-0700 (Pacific Daylight Time),Et voluptas culpa porro deleniti qui facere. Debitis aut minima nostrum vitae. Vel laudantium dolor voluptatum provident harum placeat ut veritatis. Minima id laborum quo illo dolor voluptate labore ea. Odit sed nihil architecto voluptatem. Assumenda incidunt quidem et.
98,Jeramy22,Mon Feb 01 2021 14:09:54 GMT-0800 (Pacific Standard Time),Ad sed sit pariatur voluptate voluptas aspernatur illum voluptate. Error omnis dolores ab sed quis numquam vel dolorem. Et modi est ex voluptatibus quo sunt eveniet. Optio consequatur sed dolor sed. Et praesentium et et expedita. Alias et dolorem et.
25,Jeramy22,Sun Feb 16 2020 19:12:10 GMT-0800 (Pacific Standard Time),Deserunt magni aliquid dolores aut. Nostrum voluptas minima rerum. Nobis qui nostrum accusamus at. Ea vitae magnam totam.
0,Jeramy22,Fri Mar 27 2020 17:31:34 GMT-0700 (Pacific Daylight Time),Possimus ut adipisci aliquid omnis aut autem. Aut harum inventore unde non sed inventore rerum. Quia delectus error nesciunt quia.
