email,username,password,firstName,lastName,deptCode
Jeanne_Kuphal@gmail.com,Westley.Zulauf26,$2b$10$4AdvSm0CFJ6M0Orgw7fc9e5DemkHgfWlbRI4YeO0xnkD5dFQRjzs6,Kamren,Johns,F_STACK
Jaiden.Crist88@yahoo.com,Emmett.Macejkovic15,$2b$10$4AdvSm0CFJ6M0Orgw7fc9e5DemkHgfWlbRI4YeO0xnkD5dFQRjzs6,Eugenia,Mertz,F_END
Arnold.Mraz@yahoo.com,Jerome_OHara,$2b$10$4AdvSm0CFJ6M0Orgw7fc9e5DemkHgfWlbRI4YeO0xnkD5dFQRjzs6,Norma,Schimmel,F_STACK
Walker26@gmail.com,Carole_Jones,$2b$10$4AdvSm0CFJ6M0Orgw7fc9e5DemkHgfWlbRI4YeO0xnkD5dFQRjzs6,Martina,Kuvalis,B_END
Serena_Borer76@gmail.com,Syble76,$2b$10$4AdvSm0CFJ6M0Orgw7fc9e5DemkHgfWlbRI4YeO0xnkD5dFQRjzs6,Phoebe,Dooley,F_END
Gregg57@hotmail.com,Faustino_Gottlieb8,$2b$10$4AdvSm0CFJ6M0Orgw7fc9e5DemkHgfWlbRI4YeO0xnkD5dFQRjzs6,Daniela,Breitenberg,F_END
Rodger93@gmail.com,Ilene.Blick73,$2b$10$4AdvSm0CFJ6M0Orgw7fc9e5DemkHgfWlbRI4YeO0xnkD5dFQRjzs6,Sam,Orn,B_END
Loraine63@gmail.com,Meta_Moen,$2b$10$4AdvSm0CFJ6M0Orgw7fc9e5DemkHgfWlbRI4YeO0xnkD5dFQRjzs6,Hallie,Larson,F_STACK
Gregg_King@gmail.com,Sonny53,$2b$10$4AdvSm0CFJ6M0Orgw7fc9e5DemkHgfWlbRI4YeO0xnkD5dFQRjzs6,Pattie,Kirlin,F_STACK
Orion84@hotmail.com,Janessa17,$2b$10$4AdvSm0CFJ6M0Orgw7fc9e5DemkHgfWlbRI4YeO0xnkD5dFQRjzs6,Jarrett,Larson,F_END
Jess_Franecki@yahoo.com,Helene.Crist,$2b$10$4AdvSm0CFJ6M0Orgw7fc9e5DemkHgfWlbRI4YeO0xnkD5dFQRjzs6,Jamel,Lesch,B_END
Ronaldo_Bogan29@hotmail.com,Hazle.Hahn18,$2b$10$4AdvSm0CFJ6M0Orgw7fc9e5DemkHgfWlbRI4YeO0xnkD5dFQRjzs6,Coty,Swift,F_STACK
Dortha_Heathcote@gmail.com,Tiara.Nicolas44,$2b$10$4AdvSm0CFJ6M0Orgw7fc9e5DemkHgfWlbRI4YeO0xnkD5dFQRjzs6,Lera,Nolan,F_END
Kiarra.Mayer@yahoo.com,Karlie75,$2b$10$4AdvSm0CFJ6M0Orgw7fc9e5DemkHgfWlbRI4YeO0xnkD5dFQRjzs6,Aiyana,Ritchie,F_END
Penelope69@yahoo.com,Thalia89,$2b$10$4AdvSm0CFJ6M0Orgw7fc9e5DemkHgfWlbRI4YeO0xnkD5dFQRjzs6,Timmothy,Rosenbaum,F_STACK
